{"schemaVersion":"1.0","appDefinitionTemplate":{"id":"/providers/Microsoft.PowerApps/apps/","type":"Microsoft.PowerApps/apps","tags":{"primaryDeviceWidth":"1366","primaryDeviceHeight":"768","supportsPortrait":"true","supportsLandscape":"true","primaryFormFactor":"Tablet","publisherVersion":"3.22091.11","minimumRequiredApiVersion":"2.2.0","hasComponent":"false","hasUnlockedComponent":"false","isUnifiedRootApp":"false","sienaVersion":"20220921T174718Z-3.22091.11.0"},"properties":{"appVersion":"2022-09-21T17:47:18Z","lifeCycleId":"Published","createdByClientVersion":{"major":3,"minor":22091,"build":11,"revision":0,"majorRevision":0,"minorRevision":0},"minClientVersion":{"major":3,"minor":22091,"build":11,"revision":0,"majorRevision":0,"minorRevision":0},"backgroundColor":"RGBA(0,176,240,1)","backgroundImageUri":"/30744880583253552/N801e61f8-5201-400b-92de-afdc67126052-logoSmallFile","displayName":"Wellness Check App","description":"","commitMessage":"","appUris":{"documentUri":{"value":"/30744880583253552/N265626a7-7372-4de4-adbb-41c48fc5d936-document.msapp"},"imageUris":[],"additionalUris":[]},"createdTime":"0001-01-01T00:00:00Z","lastModifiedTime":"0001-01-01T00:00:00Z","sharedGroupsCount":0,"sharedUsersCount":0,"icons":{"smallIconUri":"/30744880583253552/N3aa31cea-8877-40d7-921c-6178b9b339a2-small.png","mediumIconUri":"/30744880583253552/N43974372-7a62-4ccb-8342-27865834e2e8-medium.png","largeIconUri":"/30744880583253552/N99065248-3345-420c-814e-7b108ac9ecc5-large.png","wideIconUri":"/30744880583253552/N2246b891-d19d-466b-916f-4a85b565f728-wide.png"},"connectionReferences":{"13f40a2b-6843-4310-bcc3-1dab07a46a16":{"id":"f27488a4-5732-4878-bea3-9320283246ae","displayName":"SQL Server","iconUri":"https://connectoricons-prod.azureedge.net/u/laborbol/patches/1595-sql/1.0.1595.2993/sql/icon.png","dataSources":["NursingPatient","NursingWellCheck"],"dependencies":[],"dependents":[],"parameterHints":{},"parameterHintsV2":{},"isOnPremiseConnection":false,"sharedConnectionId":"35ce1005-0f66-4b10-af24-cd6b6fd38ecf","dataSets":{"pragmaticworks.database.windows.net,Demo":{"dataSources":{"NursingPatient":{"tableName":"[dbo].[NursingPatient]"},"NursingWellCheck":{"tableName":"[dbo].[NursingWellCheck]"}}}},"apiTier":"Premium","isCustomApiConnection":false,"authenticationType":"sqlAuthentication","actions":["providers/PowerPlatform.Governance/Operations/Read"],"endpoints":["pragmaticworks.database.windows.net,Demo"]}},"databaseReferences":{},"almMode":"Environment","performanceOptimizationEnabled":true,"canConsumeAppPass":true,"enableModernRuntimeMode":false,"executionRestrictions":{"isTeamsOnly":false,"dataLossPreventionEvaluationResult":{"status":"Compliant","lastEvaluationDate":"2022-09-21T17:47:35.4305861Z","violations":[],"violationsByPolicy":[],"violationErrorMessage":"The app uses the following connectors: shared_sql."}}},"appType":"ClassicCanvasApp","appComponents":[]}}